_id,County,Area Type,Year,Month,Date_Numeric,Seasonally Adjusted(Y/N),Status,LaborForce,Employment,Unemployment,UnemploymentRate,Benchmark,date
1576,Alameda County,County,2020,February,02/2020,N,Final,896400,871500,25000,2.8,2025,2020-02-01
1577,Alameda County,County,2020,March,03/2020,N,Final,883500,846600,36900,4.2,2025,2020-03-01
1578,Alameda County,County,2020,April,04/2020,N,Final,845900,726700,119300,14.1,2025,2020-04-01
1579,Alameda County,County,2020,May,05/2020,N,Final,838400,725900,112500,13.4,2025,2020-05-01
1580,Alameda County,County,2020,June,06/2020,N,Final,861000,755900,105100,12.2,2025,2020-06-01
1581,Alameda County,County,2020,July,07/2020,N,Final,861800,763700,98000,11.4,2025,2020-07-01
1582,Alameda County,County,2020,August,08/2020,N,Final,854500,773200,81300,9.5,2025,2020-08-01
1583,Alameda County,County,2020,September,09/2020,N,Final,853000,775500,77500,9.1,2025,2020-09-01
1584,Alameda County,County,2020,October,10/2020,N,Final,849700,782500,67200,7.9,2025,2020-10-01
1585,Alameda County,County,2020,November,11/2020,N,Final,844800,780900,63900,7.6,2025,2020-11-01
1586,Alameda County,County,2020,December,12/2020,N,Final,843200,781000,62200,7.4,2025,2020-12-01
1587,Alameda County,County,2021,January,01/2021,N,Final,837300,776000,61400,7.3,2025,2021-01-01
1588,Alameda County,County,2021,February,02/2021,N,Final,841800,782800,59000,7.0,2025,2021-02-01
1589,Alameda County,County,2021,March,03/2021,N,Final,844900,788400,56400,6.7,2025,2021-03-01
1590,Alameda County,County,2021,April,04/2021,N,Final,840400,785400,55100,6.6,2025,2021-04-01
1591,Alameda County,County,2021,May,05/2021,N,Final,843400,792900,50500,6.0,2025,2021-05-01
1592,Alameda County,County,2021,June,06/2021,N,Final,848300,791600,56700,6.7,2025,2021-06-01
1593,Alameda County,County,2021,July,07/2021,N,Final,854900,801900,53000,6.2,2025,2021-07-01
1594,Alameda County,County,2021,August,08/2021,N,Final,852800,802700,50200,5.9,2025,2021-08-01
1595,Alameda County,County,2021,September,09/2021,N,Final,852400,810200,42200,4.9,2025,2021-09-01
1596,Alameda County,County,2021,October,10/2021,N,Final,853100,812900,40300,4.7,2025,2021-10-01
1597,Alameda County,County,2021,November,11/2021,N,Final,855400,819300,36100,4.2,2025,2021-11-01
1598,Alameda County,County,2021,December,12/2021,N,Final,854700,822000,32700,3.8,2025,2021-12-01
1599,Alameda County,County,2022,January,01/2022,N,Final,856400,820100,36300,4.2,2025,2022-01-01
1600,Alameda County,County,2022,February,02/2022,N,Final,860400,828300,32100,3.7,2025,2022-02-01
1601,Alameda County,County,2022,March,03/2022,N,Final,864300,835700,28600,3.3,2025,2022-03-01
1602,Alameda County,County,2022,April,04/2022,N,Final,850700,825800,24900,2.9,2025,2022-04-01
1603,Alameda County,County,2022,May,05/2022,N,Final,855900,833400,22500,2.6,2025,2022-05-01
1604,Alameda County,County,2022,June,06/2022,N,Final,856400,829200,27200,3.2,2025,2022-06-01
1605,Alameda County,County,2022,July,07/2022,N,Final,858800,832100,26700,3.1,2025,2022-07-01
1606,Alameda County,County,2022,August,08/2022,N,Final,860900,833100,27800,3.2,2025,2022-08-01
1607,Alameda County,County,2022,September,09/2022,N,Final,861100,836100,25000,2.9,2025,2022-09-01
1608,Alameda County,County,2022,October,10/2022,N,Final,861100,834700,26400,3.1,2025,2022-10-01
1609,Alameda County,County,2022,November,11/2022,N,Final,860700,833900,26700,3.1,2025,2022-11-01
1610,Alameda County,County,2022,December,12/2022,N,Final,859700,834800,24900,2.9,2025,2022-12-01
1611,Alameda County,County,2023,January,01/2023,N,Final,860200,830300,29900,3.5,2025,2023-01-01
1612,Alameda County,County,2023,February,02/2023,N,Final,867300,836500,30800,3.6,2025,2023-02-01
1613,Alameda County,County,2023,March,03/2023,N,Final,872700,842400,30300,3.5,2025,2023-03-01
1614,Alameda County,County,2023,April,04/2023,N,Final,864000,836700,27300,3.2,2025,2023-04-01
1615,Alameda County,County,2023,May,05/2023,N,Final,864900,836200,28700,3.3,2025,2023-05-01
1616,Alameda County,County,2023,June,06/2023,N,Final,864000,830300,33700,3.9,2025,2023-06-01
1617,Alameda County,County,2023,July,07/2023,N,Final,872800,838000,34800,4.0,2025,2023-07-01
1618,Alameda County,County,2023,August,08/2023,N,Final,874000,836100,37900,4.3,2025,2023-08-01
1619,Alameda County,County,2023,September,09/2023,N,Final,874500,838600,36000,4.1,2025,2023-09-01
1620,Alameda County,County,2023,October,10/2023,N,Final,871900,834800,37100,4.3,2025,2023-10-01
1621,Alameda County,County,2023,November,11/2023,N,Final,874800,838800,36100,4.1,2025,2023-11-01
1622,Alameda County,County,2023,December,12/2023,N,Final,868800,833500,35200,4.1,2025,2023-12-01
1623,Alameda County,County,2024,January,01/2024,N,Final,866900,828400,38600,4.4,2025,2024-01-01
1624,Alameda County,County,2024,February,02/2024,N,Final,870700,832500,38200,4.4,2025,2024-02-01
1625,Alameda County,County,2024,March,03/2024,N,Final,873100,836100,37000,4.2,2025,2024-03-01
1626,Alameda County,County,2024,April,04/2024,N,Final,865600,831700,33900,3.9,2025,2024-04-01
1627,Alameda County,County,2024,May,05/2024,N,Final,865700,832900,32900,3.8,2025,2024-05-01
1628,Alameda County,County,2024,June,06/2024,N,Final,868200,828600,39500,4.6,2025,2024-06-01
1629,Alameda County,County,2024,July,07/2024,N,Final,878000,834900,43100,4.9,2025,2024-07-01
1630,Alameda County,County,2024,August,08/2024,N,Final,873700,830300,43500,5.0,2025,2024-08-01
1631,Alameda County,County,2024,September,09/2024,N,Final,873400,834500,38900,4.5,2025,2024-09-01
1632,Alameda County,County,2024,October,10/2024,N,Final,871400,831400,40000,4.6,2025,2024-10-01
1633,Alameda County,County,2024,November,11/2024,N,Final,871800,831900,39900,4.6,2025,2024-11-01
1634,Alameda County,County,2024,December,12/2024,N,Final,870100,832800,37300,4.3,2025,2024-12-01
1635,Alameda County,County,2025,January,01/2025,N,Final,871700,831300,40500,4.6,2025,2025-01-01
1636,Alameda County,County,2025,February,02/2025,N,Final,874500,834700,39800,4.6,2025,2025-02-01
1637,Alameda County,County,2025,March,03/2025,N,Final,878100,838900,39100,4.5,2025,2025-03-01
1638,Alameda County,County,2025,April,04/2025,N,Final,868300,831100,37200,4.3,2025,2025-04-01
1639,Alameda County,County,2025,May,05/2025,N,Final,866800,830100,36700,4.2,2025,2025-05-01
1640,Alameda County,County,2025,June,06/2025,N,Final,869200,827200,42000,4.8,2025,2025-06-01
1641,Alameda County,County,2025,July,07/2025,N,Final,877300,832800,44400,5.1,2025,2025-07-01
1642,Alameda County,County,2025,August,08/2025,N,Final,874400,829600,44900,5.1,2025,2025-08-01
1643,Alameda County,County,2025,September,09/2025,N,Final,879000,835900,43100,4.9,2025,2025-09-01
1644,Alameda County,County,2025,November,11/2025,N,Final,875300,833700,41500,4.7,2025,2025-11-01
1645,Alameda County,County,2025,December,12/2025,N,Final,871600,833400,38200,4.4,2025,2025-12-01
1646,Alameda County,County,2026,January,01/2026,N,Final,859600,819700,39900,4.6,2025,2026-01-01
1647,Alameda County,County,2026,February,02/2026,N,Final,866900,827800,39200,4.5,2025,2026-02-01
1648,Alameda County,County,2026,March,03/2026,N,Final,864000,827200,36800,4.3,2025,2026-03-01
1649,Alameda County,County,2026,April,04/2026,N,Final,856200,821100,35100,4.1,2025,2026-04-01
1650,Alameda County,County,2026,May,05/2026,N,Final,851500,818700,32800,3.9,2025,2026-05-01
1651,Alameda County,County,2026,June,06/2026,N,Final,849800,812200,37600,4.4,2025,2026-06-01
1652,Alameda County,County,2026,July,07/2026,N,Final,852100,812300,39800,4.7,2025,2026-07-01
1653,Alameda County,County,2026,August,08/2026,N,Preliminary,855600,814000,41600,4.9,2025,2026-08-01
4210,Contra Costa County,County,2020,February,02/2020,N,Final,588200,570800,17500,3.0,2025,2020-02-01
4211,Contra Costa County,County,2020,March,03/2020,N,Final,580000,554500,25500,4.4,2025,2020-03-01
4212,Contra Costa County,County,2020,April,04/2020,N,Final,558000,475900,82100,14.7,2025,2020-04-01
4213,Contra Costa County,County,2020,May,05/2020,N,Final,550900,475300,75600,13.7,2025,2020-05-01
4214,Contra Costa County,County,2020,June,06/2020,N,Final,564900,495400,69500,12.3,2025,2020-06-01
4215,Contra Costa County,County,2020,July,07/2020,N,Final,565700,500700,65000,11.5,2025,2020-07-01
4216,Contra Costa County,County,2020,August,08/2020,N,Final,560800,507000,53800,9.6,2025,2020-08-01
4217,Contra Costa County,County,2020,September,09/2020,N,Final,559900,508600,51300,9.2,2025,2020-09-01
4218,Contra Costa County,County,2020,October,10/2020,N,Final,557900,513100,44800,8.0,2025,2020-10-01
4219,Contra Costa County,County,2020,November,11/2020,N,Final,554800,511800,43000,7.7,2025,2020-11-01
4220,Contra Costa County,County,2020,December,12/2020,N,Final,554300,511700,42500,7.7,2025,2020-12-01
4221,Contra Costa County,County,2021,January,01/2021,N,Final,561300,518700,42600,7.6,2025,2021-01-01
4222,Contra Costa County,County,2021,February,02/2021,N,Final,564200,523100,41100,7.3,2025,2021-02-01
4223,Contra Costa County,County,2021,March,03/2021,N,Final,566600,527200,39300,6.9,2025,2021-03-01
4224,Contra Costa County,County,2021,April,04/2021,N,Final,563400,524700,38600,6.9,2025,2021-04-01
4225,Contra Costa County,County,2021,May,05/2021,N,Final,565100,529700,35400,6.3,2025,2021-05-01
4226,Contra Costa County,County,2021,June,06/2021,N,Final,569000,529000,40000,7.0,2025,2021-06-01
4227,Contra Costa County,County,2021,July,07/2021,N,Final,573500,536200,37400,6.5,2025,2021-07-01
4228,Contra Costa County,County,2021,August,08/2021,N,Final,572000,536700,35400,6.2,2025,2021-08-01
4229,Contra Costa County,County,2021,September,09/2021,N,Final,572000,541900,30100,5.3,2025,2021-09-01
4230,Contra Costa County,County,2021,October,10/2021,N,Final,572600,543700,28900,5.0,2025,2021-10-01
4231,Contra Costa County,County,2021,November,11/2021,N,Final,573500,547700,25800,4.5,2025,2021-11-01
4232,Contra Costa County,County,2021,December,12/2021,N,Final,572500,549000,23500,4.1,2025,2021-12-01
4233,Contra Costa County,County,2022,January,01/2022,N,Final,575100,548900,26200,4.5,2025,2022-01-01
4234,Contra Costa County,County,2022,February,02/2022,N,Final,577600,554400,23200,4.0,2025,2022-02-01
4235,Contra Costa County,County,2022,March,03/2022,N,Final,579900,559300,20600,3.6,2025,2022-03-01
4236,Contra Costa County,County,2022,April,04/2022,N,Final,570200,552200,18000,3.2,2025,2022-04-01
4237,Contra Costa County,County,2022,May,05/2022,N,Final,573700,557400,16300,2.8,2025,2022-05-01
4238,Contra Costa County,County,2022,June,06/2022,N,Final,574600,554900,19600,3.4,2025,2022-06-01
4239,Contra Costa County,County,2022,July,07/2022,N,Final,575900,556700,19200,3.3,2025,2022-07-01
4240,Contra Costa County,County,2022,August,08/2022,N,Final,577300,557400,19800,3.4,2025,2022-08-01
4241,Contra Costa County,County,2022,September,09/2022,N,Final,577400,559500,17900,3.1,2025,2022-09-01
4242,Contra Costa County,County,2022,October,10/2022,N,Final,577500,558600,18900,3.3,2025,2022-10-01
4243,Contra Costa County,County,2022,November,11/2022,N,Final,577100,557900,19200,3.3,2025,2022-11-01
4244,Contra Costa County,County,2022,December,12/2022,N,Final,575900,558300,17700,3.1,2025,2022-12-01
4245,Contra Costa County,County,2023,January,01/2023,N,Final,577200,555800,21400,3.7,2025,2023-01-01
4246,Contra Costa County,County,2023,February,02/2023,N,Final,581900,560200,21800,3.7,2025,2023-02-01
4247,Contra Costa County,County,2023,March,03/2023,N,Final,585200,563800,21300,3.6,2025,2023-03-01
4248,Contra Costa County,County,2023,April,04/2023,N,Final,578800,559900,18900,3.3,2025,2023-04-01
4249,Contra Costa County,County,2023,May,05/2023,N,Final,579000,559600,19500,3.4,2025,2023-05-01
4250,Contra Costa County,County,2023,June,06/2023,N,Final,578700,555900,22800,3.9,2025,2023-06-01
4251,Contra Costa County,County,2023,July,07/2023,N,Final,584100,560900,23300,4.0,2025,2023-07-01
4252,Contra Costa County,County,2023,August,08/2023,N,Final,584600,559300,25300,4.3,2025,2023-08-01
4253,Contra Costa County,County,2023,September,09/2023,N,Final,585100,561200,23900,4.1,2025,2023-09-01
4254,Contra Costa County,County,2023,October,10/2023,N,Final,583400,558600,24800,4.2,2025,2023-10-01
4255,Contra Costa County,County,2023,November,11/2023,N,Final,585500,561300,24200,4.1,2025,2023-11-01
4256,Contra Costa County,County,2023,December,12/2023,N,Final,581700,557900,23800,4.1,2025,2023-12-01
4257,Contra Costa County,County,2024,January,01/2024,N,Final,581900,555700,26200,4.5,2025,2024-01-01
4258,Contra Costa County,County,2024,February,02/2024,N,Final,585500,559200,26300,4.5,2025,2024-02-01
4259,Contra Costa County,County,2024,March,03/2024,N,Final,587000,561700,25300,4.3,2025,2024-03-01
4260,Contra Costa County,County,2024,April,04/2024,N,Final,581200,558200,23000,4.0,2025,2024-04-01
4261,Contra Costa County,County,2024,May,05/2024,N,Final,581200,559200,22000,3.8,2025,2024-05-01
4262,Contra Costa County,County,2024,June,06/2024,N,Final,582800,555900,26900,4.6,2025,2024-06-01
4263,Contra Costa County,County,2024,July,07/2024,N,Final,589300,560000,29300,5.0,2025,2024-07-01
4264,Contra Costa County,County,2024,August,08/2024,N,Final,586400,556800,29600,5.0,2025,2024-08-01
4265,Contra Costa County,County,2024,September,09/2024,N,Final,586000,559500,26500,4.5,2025,2024-09-01
4266,Contra Costa County,County,2024,October,10/2024,N,Final,584400,557200,27200,4.7,2025,2024-10-01
4267,Contra Costa County,County,2024,November,11/2024,N,Final,584900,557700,27300,4.7,2025,2024-11-01
4268,Contra Costa County,County,2024,December,12/2024,N,Final,583900,558300,25600,4.4,2025,2024-12-01
4269,Contra Costa County,County,2025,January,01/2025,N,Final,585300,557400,27900,4.8,2025,2025-01-01
4270,Contra Costa County,County,2025,February,02/2025,N,Final,587600,560000,27600,4.7,2025,2025-02-01
4271,Contra Costa County,County,2025,March,03/2025,N,Final,589800,562800,27000,4.6,2025,2025-03-01
4272,Contra Costa County,County,2025,April,04/2025,N,Final,583000,557400,25600,4.4,2025,2025-04-01
4273,Contra Costa County,County,2025,May,05/2025,N,Final,582400,557400,25000,4.3,2025,2025-05-01
4274,Contra Costa County,County,2025,June,06/2025,N,Final,583600,554900,28700,4.9,2025,2025-06-01
4275,Contra Costa County,County,2025,July,07/2025,N,Final,588800,558500,30300,5.2,2025,2025-07-01
4276,Contra Costa County,County,2025,August,08/2025,N,Final,586800,556100,30700,5.2,2025,2025-08-01
4277,Contra Costa County,County,2025,September,09/2025,N,Final,589800,560200,29600,5.0,2025,2025-09-01
4278,Contra Costa County,County,2025,November,11/2025,N,Final,587900,559200,28700,4.9,2025,2025-11-01
4279,Contra Costa County,County,2025,December,12/2025,N,Final,584800,558500,26300,4.5,2025,2025-12-01
4280,Contra Costa County,County,2026,January,01/2026,N,Final,576700,549300,27500,4.8,2025,2026-01-01
4281,Contra Costa County,County,2026,February,02/2026,N,Final,582100,555100,26900,4.6,2025,2026-02-01
4282,Contra Costa County,County,2026,March,03/2026,N,Final,579700,554400,25400,4.4,2025,2026-03-01
4283,Contra Costa County,County,2026,April,04/2026,N,Final,574700,550400,24300,4.2,2025,2026-04-01
4284,Contra Costa County,County,2026,May,05/2026,N,Final,571800,549100,22700,4.0,2025,2026-05-01
4285,Contra Costa County,County,2026,June,06/2026,N,Final,570500,544500,26000,4.6,2025,2026-06-01
4286,Contra Costa County,County,2026,July,07/2026,N,Final,572200,544700,27500,4.8,2025,2026-07-01
4287,Contra Costa County,County,2026,August,08/2026,N,Preliminary,574200,545500,28700,5.0,2025,2026-08-01
10795,Marin County,County,2020,February,02/2020,N,Final,131500,128200,3300,2.5,2025,2020-02-01
10796,Marin County,County,2020,March,03/2020,N,Final,129100,124200,4900,3.8,2025,2020-03-01
10797,Marin County,County,2020,April,04/2020,N,Final,118100,102900,15200,12.9,2025,2020-04-01
10798,Marin County,County,2020,May,05/2020,N,Final,117800,103900,13900,11.8,2025,2020-05-01
10799,Marin County,County,2020,June,06/2020,N,Final,122700,109900,12800,10.5,2025,2020-06-01
10800,Marin County,County,2020,July,07/2020,N,Final,123400,111500,11900,9.6,2025,2020-07-01
10801,Marin County,County,2020,August,08/2020,N,Final,122700,113100,9600,7.8,2025,2020-08-01
10802,Marin County,County,2020,September,09/2020,N,Final,122300,113300,9000,7.4,2025,2020-09-01
10803,Marin County,County,2020,October,10/2020,N,Final,122100,114400,7700,6.3,2025,2020-10-01
10804,Marin County,County,2020,November,11/2020,N,Final,120900,113500,7400,6.1,2025,2020-11-01
10805,Marin County,County,2020,December,12/2020,N,Final,120900,113500,7300,6.1,2025,2020-12-01
10806,Marin County,County,2021,January,01/2021,N,Final,119900,112500,7400,6.2,2025,2021-01-01
10807,Marin County,County,2021,February,02/2021,N,Final,120700,113600,7100,5.9,2025,2021-02-01
10808,Marin County,County,2021,March,03/2021,N,Final,121900,115100,6800,5.6,2025,2021-03-01
10809,Marin County,County,2021,April,04/2021,N,Final,120900,114300,6600,5.5,2025,2021-04-01
10810,Marin County,County,2021,May,05/2021,N,Final,121200,115200,6000,5.0,2025,2021-05-01
10811,Marin County,County,2021,June,06/2021,N,Final,122300,115500,6800,5.5,2025,2021-06-01
10812,Marin County,County,2021,July,07/2021,N,Final,124400,118000,6400,5.1,2025,2021-07-01
10813,Marin County,County,2021,August,08/2021,N,Final,123500,117400,6100,5.0,2025,2021-08-01
10814,Marin County,County,2021,September,09/2021,N,Final,123500,118400,5100,4.1,2025,2021-09-01
10815,Marin County,County,2021,October,10/2021,N,Final,123700,118800,4900,4.0,2025,2021-10-01
10816,Marin County,County,2021,November,11/2021,N,Final,123700,119300,4400,3.6,2025,2021-11-01
10817,Marin County,County,2021,December,12/2021,N,Final,123200,119200,4000,3.2,2025,2021-12-01
10818,Marin County,County,2022,January,01/2022,N,Final,122600,118100,4500,3.7,2025,2022-01-01
10819,Marin County,County,2022,February,02/2022,N,Final,123400,119300,4100,3.3,2025,2022-02-01
10820,Marin County,County,2022,March,03/2022,N,Final,124100,120400,3700,3.0,2025,2022-03-01
10821,Marin County,County,2022,April,04/2022,N,Final,122500,119300,3200,2.6,2025,2022-04-01
10822,Marin County,County,2022,May,05/2022,N,Final,123800,120900,2900,2.3,2025,2022-05-01
10823,Marin County,County,2022,June,06/2022,N,Final,124600,121000,3600,2.9,2025,2022-06-01
10824,Marin County,County,2022,July,07/2022,N,Final,124800,121200,3600,2.8,2025,2022-07-01
10825,Marin County,County,2022,August,08/2022,N,Final,124500,120800,3700,3.0,2025,2022-08-01
10826,Marin County,County,2022,September,09/2022,N,Final,124400,121100,3300,2.6,2025,2022-09-01
10827,Marin County,County,2022,October,10/2022,N,Final,124900,121400,3500,2.8,2025,2022-10-01
10828,Marin County,County,2022,November,11/2022,N,Final,124900,121400,3500,2.8,2025,2022-11-01
10829,Marin County,County,2022,December,12/2022,N,Final,124300,121000,3300,2.6,2025,2022-12-01
10830,Marin County,County,2023,January,01/2023,N,Final,124000,120000,4000,3.2,2025,2023-01-01
10831,Marin County,County,2023,February,02/2023,N,Final,125600,121500,4100,3.3,2025,2023-02-01
10832,Marin County,County,2023,March,03/2023,N,Final,125700,121800,3900,3.1,2025,2023-03-01
10833,Marin County,County,2023,April,04/2023,N,Final,124700,121100,3600,2.9,2025,2023-04-01
10834,Marin County,County,2023,May,05/2023,N,Final,124800,121100,3700,3.0,2025,2023-05-01
10835,Marin County,County,2023,June,06/2023,N,Final,125800,121400,4400,3.5,2025,2023-06-01
10836,Marin County,County,2023,July,07/2023,N,Final,126300,121800,4500,3.6,2025,2023-07-01
10837,Marin County,County,2023,August,08/2023,N,Final,125900,120900,5000,4.0,2025,2023-08-01
10838,Marin County,County,2023,September,09/2023,N,Final,126000,121300,4800,3.8,2025,2023-09-01
10839,Marin County,County,2023,October,10/2023,N,Final,125400,120600,4800,3.9,2025,2023-10-01
10840,Marin County,County,2023,November,11/2023,N,Final,125900,121200,4700,3.8,2025,2023-11-01
10841,Marin County,County,2023,December,12/2023,N,Final,125300,120600,4600,3.7,2025,2023-12-01
10842,Marin County,County,2024,January,01/2024,N,Final,124900,119800,5100,4.1,2025,2024-01-01
10843,Marin County,County,2024,February,02/2024,N,Final,126500,121500,5000,4.0,2025,2024-02-01
10844,Marin County,County,2024,March,03/2024,N,Final,126900,122100,4800,3.8,2025,2024-03-01
10845,Marin County,County,2024,April,04/2024,N,Final,124000,119700,4400,3.5,2025,2024-04-01
10846,Marin County,County,2024,May,05/2024,N,Final,125000,120900,4100,3.3,2025,2024-05-01
10847,Marin County,County,2024,June,06/2024,N,Final,125800,120700,5200,4.1,2025,2024-06-01
10848,Marin County,County,2024,July,07/2024,N,Final,126700,121100,5500,4.4,2025,2024-07-01
10849,Marin County,County,2024,August,08/2024,N,Final,126000,120300,5700,4.5,2025,2024-08-01
10850,Marin County,County,2024,September,09/2024,N,Final,125500,120500,5000,4.0,2025,2024-09-01
10851,Marin County,County,2024,October,10/2024,N,Final,124800,119800,5100,4.0,2025,2024-10-01
10852,Marin County,County,2024,November,11/2024,N,Final,124800,119900,5000,4.0,2025,2024-11-01
10853,Marin County,County,2024,December,12/2024,N,Final,124400,119800,4600,3.7,2025,2024-12-01
10854,Marin County,County,2025,January,01/2025,N,Final,124100,119000,5100,4.1,2025,2025-01-01
10855,Marin County,County,2025,February,02/2025,N,Final,125400,120400,5100,4.1,2025,2025-02-01
10856,Marin County,County,2025,March,03/2025,N,Final,125600,120600,5000,4.0,2025,2025-03-01
10857,Marin County,County,2025,April,04/2025,N,Final,124500,119800,4800,3.8,2025,2025-04-01
10858,Marin County,County,2025,May,05/2025,N,Final,125200,120600,4600,3.7,2025,2025-05-01
10859,Marin County,County,2025,June,06/2025,N,Final,125300,119900,5500,4.4,2025,2025-06-01
10860,Marin County,County,2025,July,07/2025,N,Final,126200,120400,5800,4.6,2025,2025-07-01
10861,Marin County,County,2025,August,08/2025,N,Final,125500,119700,5800,4.6,2025,2025-08-01
10862,Marin County,County,2025,September,09/2025,N,Final,125500,119800,5600,4.5,2025,2025-09-01
10863,Marin County,County,2025,November,11/2025,N,Final,125400,119900,5400,4.3,2025,2025-11-01
10864,Marin County,County,2025,December,12/2025,N,Final,124000,119100,4900,4.0,2025,2025-12-01
10865,Marin County,County,2026,January,01/2026,N,Final,122200,117100,5100,4.2,2025,2026-01-01
10866,Marin County,County,2026,February,02/2026,N,Final,124100,119000,5000,4.1,2025,2026-02-01
10867,Marin County,County,2026,March,03/2026,N,Final,123200,118400,4700,3.8,2025,2026-03-01
10868,Marin County,County,2026,April,04/2026,N,Final,122600,118000,4500,3.7,2025,2026-04-01
10869,Marin County,County,2026,May,05/2026,N,Final,122500,118300,4200,3.4,2025,2026-05-01
10870,Marin County,County,2026,June,06/2026,N,Final,122300,117400,4900,4.0,2025,2026-06-01
10871,Marin County,County,2026,July,07/2026,N,Final,122800,117600,5100,4.2,2025,2026-07-01
10872,Marin County,County,2026,August,08/2026,N,Preliminary,122700,117300,5400,4.4,2025,2026-08-01
13868,Napa County,County,2020,February,02/2020,N,Final,73600,71200,2300,3.2,2025,2020-02-01
13869,Napa County,County,2020,March,03/2020,N,Final,72200,68900,3300,4.6,2025,2020-03-01
13870,Napa County,County,2020,April,04/2020,N,Final,67100,55100,12000,17.9,2025,2020-04-01
13871,Napa County,County,2020,May,05/2020,N,Final,68400,57900,10500,15.4,2025,2020-05-01
13872,Napa County,County,2020,June,06/2020,N,Final,71100,62500,8600,12.2,2025,2020-06-01
13873,Napa County,County,2020,July,07/2020,N,Final,70500,63000,7500,10.6,2025,2020-07-01
13874,Napa County,County,2020,August,08/2020,N,Final,69300,63200,6100,8.8,2025,2020-08-01
13875,Napa County,County,2020,September,09/2020,N,Final,69100,63500,5600,8.2,2025,2020-09-01
13876,Napa County,County,2020,October,10/2020,N,Final,67600,62600,5000,7.4,2025,2020-10-01
13877,Napa County,County,2020,November,11/2020,N,Final,65700,60800,5000,7.5,2025,2020-11-01
13878,Napa County,County,2020,December,12/2020,N,Final,64900,59700,5100,7.9,2025,2020-12-01
13879,Napa County,County,2021,January,01/2021,N,Final,65300,59000,6300,9.6,2025,2021-01-01
13880,Napa County,County,2021,February,02/2021,N,Final,67400,62100,5300,7.9,2025,2021-02-01
13881,Napa County,County,2021,March,03/2021,N,Final,68300,63500,4900,7.1,2025,2021-03-01
13882,Napa County,County,2021,April,04/2021,N,Final,68600,63900,4700,6.8,2025,2021-04-01
13883,Napa County,County,2021,May,05/2021,N,Final,70000,65800,4100,5.9,2025,2021-05-01
13884,Napa County,County,2021,June,06/2021,N,Final,70500,65900,4600,6.5,2025,2021-06-01
13885,Napa County,County,2021,July,07/2021,N,Final,70600,66400,4100,5.9,2025,2021-07-01
13886,Napa County,County,2021,August,08/2021,N,Final,70300,66400,3900,5.5,2025,2021-08-01
13887,Napa County,County,2021,September,09/2021,N,Final,71000,67700,3200,4.6,2025,2021-09-01
13888,Napa County,County,2021,October,10/2021,N,Final,70200,67100,3100,4.5,2025,2021-10-01
13889,Napa County,County,2021,November,11/2021,N,Final,67900,64900,3000,4.4,2025,2021-11-01
13890,Napa County,County,2021,December,12/2021,N,Final,67100,64200,2900,4.4,2025,2021-12-01
13891,Napa County,County,2022,January,01/2022,N,Final,68300,65100,3300,4.8,2025,2022-01-01
13892,Napa County,County,2022,February,02/2022,N,Final,69700,66900,2800,4.0,2025,2022-02-01
13893,Napa County,County,2022,March,03/2022,N,Final,70400,67900,2500,3.5,2025,2022-03-01
13894,Napa County,County,2022,April,04/2022,N,Final,70600,68500,2100,3.0,2025,2022-04-01
13895,Napa County,County,2022,May,05/2022,N,Final,72100,70200,1800,2.6,2025,2022-05-01
13896,Napa County,County,2022,June,06/2022,N,Final,72200,70000,2200,3.0,2025,2022-06-01
13897,Napa County,County,2022,July,07/2022,N,Final,72800,70800,2100,2.9,2025,2022-07-01
13898,Napa County,County,2022,August,08/2022,N,Final,72500,70300,2200,3.0,2025,2022-08-01
13899,Napa County,County,2022,September,09/2022,N,Final,73500,71500,2000,2.7,2025,2022-09-01
13900,Napa County,County,2022,October,10/2022,N,Final,72400,70200,2100,3.0,2025,2022-10-01
13901,Napa County,County,2022,November,11/2022,N,Final,70100,67800,2300,3.3,2025,2022-11-01
13902,Napa County,County,2022,December,12/2022,N,Final,69000,66700,2300,3.3,2025,2022-12-01
13903,Napa County,County,2023,January,01/2023,N,Final,69700,66900,2800,4.0,2025,2023-01-01
13904,Napa County,County,2023,February,02/2023,N,Final,72200,69500,2700,3.7,2025,2023-02-01
13905,Napa County,County,2023,March,03/2023,N,Final,72400,69900,2500,3.5,2025,2023-03-01
13906,Napa County,County,2023,April,04/2023,N,Final,71600,69400,2200,3.1,2025,2023-04-01
13907,Napa County,County,2023,May,05/2023,N,Final,74900,72800,2100,2.8,2025,2023-05-01
13908,Napa County,County,2023,June,06/2023,N,Final,74600,72200,2400,3.3,2025,2023-06-01
13909,Napa County,County,2023,July,07/2023,N,Final,75500,73100,2400,3.2,2025,2023-07-01
13910,Napa County,County,2023,August,08/2023,N,Final,74500,71900,2600,3.5,2025,2023-08-01
13911,Napa County,County,2023,September,09/2023,N,Final,74700,72300,2500,3.3,2025,2023-09-01
13912,Napa County,County,2023,October,10/2023,N,Final,75100,72600,2500,3.3,2025,2023-10-01
13913,Napa County,County,2023,November,11/2023,N,Final,72600,70100,2500,3.4,2025,2023-11-01
13914,Napa County,County,2023,December,12/2023,N,Final,69700,67000,2700,3.9,2025,2023-12-01
13915,Napa County,County,2024,January,01/2024,N,Final,71100,68000,3100,4.4,2025,2024-01-01
13916,Napa County,County,2024,February,02/2024,N,Final,72800,69700,3100,4.2,2025,2024-02-01
13917,Napa County,County,2024,March,03/2024,N,Final,73200,70300,2900,4.0,2025,2024-03-01
13918,Napa County,County,2024,April,04/2024,N,Final,72400,69800,2600,3.6,2025,2024-04-01
13919,Napa County,County,2024,May,05/2024,N,Final,75200,72900,2300,3.1,2025,2024-05-01
13920,Napa County,County,2024,June,06/2024,N,Final,76100,73200,2900,3.8,2025,2024-06-01
13921,Napa County,County,2024,July,07/2024,N,Final,76000,72900,3100,4.0,2025,2024-07-01
13922,Napa County,County,2024,August,08/2024,N,Final,75500,72500,3100,4.1,2025,2024-08-01
13923,Napa County,County,2024,September,09/2024,N,Final,76100,73300,2800,3.6,2025,2024-09-01
13924,Napa County,County,2024,October,10/2024,N,Final,75800,72900,2900,3.8,2025,2024-10-01
13925,Napa County,County,2024,November,11/2024,N,Final,71900,68900,3000,4.2,2025,2024-11-01
13926,Napa County,County,2024,December,12/2024,N,Final,70400,67300,3000,4.3,2025,2024-12-01
13927,Napa County,County,2025,January,01/2025,N,Final,71500,68000,3400,4.8,2025,2025-01-01
13928,Napa County,County,2025,February,02/2025,N,Final,73800,70400,3400,4.6,2025,2025-02-01
13929,Napa County,County,2025,March,03/2025,N,Final,73500,70300,3200,4.4,2025,2025-03-01
13930,Napa County,County,2025,April,04/2025,N,Final,72600,69600,3000,4.1,2025,2025-04-01
13931,Napa County,County,2025,May,05/2025,N,Final,75200,72500,2800,3.7,2025,2025-05-01
13932,Napa County,County,2025,June,06/2025,N,Final,75300,72200,3200,4.2,2025,2025-06-01
13933,Napa County,County,2025,July,07/2025,N,Final,75300,72000,3300,4.4,2025,2025-07-01
13934,Napa County,County,2025,August,08/2025,N,Final,74600,71300,3300,4.5,2025,2025-08-01
13935,Napa County,County,2025,September,09/2025,N,Final,75000,71800,3200,4.3,2025,2025-09-01
13936,Napa County,County,2025,November,11/2025,N,Final,73200,69900,3300,4.5,2025,2025-11-01
13937,Napa County,County,2025,December,12/2025,N,Final,71900,68700,3200,4.5,2025,2025-12-01
13938,Napa County,County,2026,January,01/2026,N,Final,72000,68500,3500,4.9,2025,2026-01-01
13939,Napa County,County,2026,February,02/2026,N,Final,73800,70400,3400,4.6,2025,2026-02-01
13940,Napa County,County,2026,March,03/2026,N,Final,73600,70400,3200,4.3,2025,2026-03-01
13941,Napa County,County,2026,April,04/2026,N,Final,73300,70300,3000,4.0,2025,2026-04-01
13942,Napa County,County,2026,May,05/2026,N,Final,75300,72600,2700,3.6,2025,2026-05-01
13943,Napa County,County,2026,June,06/2026,N,Final,75000,72000,3100,4.1,2025,2026-06-01
13944,Napa County,County,2026,July,07/2026,N,Final,74600,71500,3100,4.2,2025,2026-07-01
13945,Napa County,County,2026,August,08/2026,N,Preliminary,74000,70800,3200,4.3,2025,2026-08-01
18258,San Francisco County,County,2020,February,02/2020,N,Final,547400,534300,13100,2.4,2025,2020-02-01
18259,San Francisco County,County,2020,March,03/2020,N,Final,538500,518400,20100,3.7,2025,2020-03-01
18260,San Francisco County,County,2020,April,04/2020,N,Final,520900,447900,73100,14.0,2025,2020-04-01
18261,San Francisco County,County,2020,May,05/2020,N,Final,512900,441900,71000,13.8,2025,2020-05-01
18262,San Francisco County,County,2020,June,06/2020,N,Final,523900,457600,66300,12.7,2025,2020-06-01
18263,San Francisco County,County,2020,July,07/2020,N,Final,523400,462000,61400,11.7,2025,2020-07-01
18264,San Francisco County,County,2020,August,08/2020,N,Final,516300,465800,50500,9.8,2025,2020-08-01
18265,San Francisco County,County,2020,September,09/2020,N,Final,513500,465100,48400,9.4,2025,2020-09-01
18266,San Francisco County,County,2020,October,10/2020,N,Final,506400,465800,40600,8.0,2025,2020-10-01
18267,San Francisco County,County,2020,November,11/2020,N,Final,501200,463900,37300,7.4,2025,2020-11-01
18268,San Francisco County,County,2020,December,12/2020,N,Final,501600,465900,35700,7.1,2025,2020-12-01
18269,San Francisco County,County,2021,January,01/2021,N,Final,489600,454700,35000,7.1,2025,2021-01-01
18270,San Francisco County,County,2021,February,02/2021,N,Final,491900,458500,33300,6.8,2025,2021-02-01
18271,San Francisco County,County,2021,March,03/2021,N,Final,493600,461700,31900,6.5,2025,2021-03-01
18272,San Francisco County,County,2021,April,04/2021,N,Final,491000,459000,31900,6.5,2025,2021-04-01
18273,San Francisco County,County,2021,May,05/2021,N,Final,493200,464000,29200,5.9,2025,2021-05-01
18274,San Francisco County,County,2021,June,06/2021,N,Final,498000,465700,32400,6.5,2025,2021-06-01
18275,San Francisco County,County,2021,July,07/2021,N,Final,505400,475700,29700,5.9,2025,2021-07-01
18276,San Francisco County,County,2021,August,08/2021,N,Final,506100,478200,27900,5.5,2025,2021-08-01
18277,San Francisco County,County,2021,September,09/2021,N,Final,507100,483800,23300,4.6,2025,2021-09-01
18278,San Francisco County,County,2021,October,10/2021,N,Final,509200,487200,22000,4.3,2025,2021-10-01
18279,San Francisco County,County,2021,November,11/2021,N,Final,510800,491200,19600,3.8,2025,2021-11-01
18280,San Francisco County,County,2021,December,12/2021,N,Final,513200,495600,17600,3.4,2025,2021-12-01
18281,San Francisco County,County,2022,January,01/2022,N,Final,515400,495700,19800,3.8,2025,2022-01-01
18282,San Francisco County,County,2022,February,02/2022,N,Final,517500,500200,17400,3.4,2025,2022-02-01
18283,San Francisco County,County,2022,March,03/2022,N,Final,520200,504800,15400,3.0,2025,2022-03-01
18284,San Francisco County,County,2022,April,04/2022,N,Final,514600,501400,13200,2.6,2025,2022-04-01
18285,San Francisco County,County,2022,May,05/2022,N,Final,518400,506500,11900,2.3,2025,2022-05-01
18286,San Francisco County,County,2022,June,06/2022,N,Final,520800,506600,14200,2.7,2025,2022-06-01
18287,San Francisco County,County,2022,July,07/2022,N,Final,523500,509600,13900,2.7,2025,2022-07-01
18288,San Francisco County,County,2022,August,08/2022,N,Final,522800,508100,14700,2.8,2025,2022-08-01
18289,San Francisco County,County,2022,September,09/2022,N,Final,522200,509200,13000,2.5,2025,2022-09-01
18290,San Francisco County,County,2022,October,10/2022,N,Final,521000,507300,13700,2.6,2025,2022-10-01
18291,San Francisco County,County,2022,November,11/2022,N,Final,521800,508000,13800,2.6,2025,2022-11-01
18292,San Francisco County,County,2022,December,12/2022,N,Final,520900,507900,13000,2.5,2025,2022-12-01
18293,San Francisco County,County,2023,January,01/2023,N,Final,521400,505500,15900,3.0,2025,2023-01-01
18294,San Francisco County,County,2023,February,02/2023,N,Final,523600,507100,16500,3.1,2025,2023-02-01
18295,San Francisco County,County,2023,March,03/2023,N,Final,526000,509600,16300,3.1,2025,2023-03-01
18296,San Francisco County,County,2023,April,04/2023,N,Final,518400,503600,14800,2.9,2025,2023-04-01
18297,San Francisco County,County,2023,May,05/2023,N,Final,517500,501700,15800,3.1,2025,2023-05-01
18298,San Francisco County,County,2023,June,06/2023,N,Final,515900,497900,18000,3.5,2025,2023-06-01
18299,San Francisco County,County,2023,July,07/2023,N,Final,520400,501500,18900,3.6,2025,2023-07-01
18300,San Francisco County,County,2023,August,08/2023,N,Final,518300,497700,20600,4.0,2025,2023-08-01
18301,San Francisco County,County,2023,September,09/2023,N,Final,517500,498300,19200,3.7,2025,2023-09-01
18302,San Francisco County,County,2023,October,10/2023,N,Final,515800,496000,19800,3.8,2025,2023-10-01
18303,San Francisco County,County,2023,November,11/2023,N,Final,516500,497200,19300,3.7,2025,2023-11-01
18304,San Francisco County,County,2023,December,12/2023,N,Final,513200,494300,18900,3.7,2025,2023-12-01
18305,San Francisco County,County,2024,January,01/2024,N,Final,510900,490100,20700,4.1,2025,2024-01-01
18306,San Francisco County,County,2024,February,02/2024,N,Final,512800,492700,20100,3.9,2025,2024-02-01
18307,San Francisco County,County,2024,March,03/2024,N,Final,515000,495300,19600,3.8,2025,2024-03-01
18308,San Francisco County,County,2024,April,04/2024,N,Final,506800,488700,18100,3.6,2025,2024-04-01
18309,San Francisco County,County,2024,May,05/2024,N,Final,506100,488700,17300,3.4,2025,2024-05-01
18310,San Francisco County,County,2024,June,06/2024,N,Final,507000,486700,20300,4.0,2025,2024-06-01
18311,San Francisco County,County,2024,July,07/2024,N,Final,512600,490300,22300,4.4,2025,2024-07-01
18312,San Francisco County,County,2024,August,08/2024,N,Final,509200,486700,22500,4.4,2025,2024-08-01
18313,San Francisco County,County,2024,September,09/2024,N,Final,510000,490200,19800,3.9,2025,2024-09-01
18314,San Francisco County,County,2024,October,10/2024,N,Final,505300,484900,20300,4.0,2025,2024-10-01
18315,San Francisco County,County,2024,November,11/2024,N,Final,504800,484300,20500,4.1,2025,2024-11-01
18316,San Francisco County,County,2024,December,12/2024,N,Final,504800,485600,19300,3.8,2025,2024-12-01
18317,San Francisco County,County,2025,January,01/2025,N,Final,505800,484800,21100,4.2,2025,2025-01-01
18318,San Francisco County,County,2025,February,02/2025,N,Final,508100,487500,20600,4.1,2025,2025-02-01
18319,San Francisco County,County,2025,March,03/2025,N,Final,510100,489700,20400,4.0,2025,2025-03-01
18320,San Francisco County,County,2025,April,04/2025,N,Final,502500,483300,19100,3.8,2025,2025-04-01
18321,San Francisco County,County,2025,May,05/2025,N,Final,501800,482800,18900,3.8,2025,2025-05-01
18322,San Francisco County,County,2025,June,06/2025,N,Final,503400,482400,21100,4.2,2025,2025-06-01
18323,San Francisco County,County,2025,July,07/2025,N,Final,509000,486800,22100,4.4,2025,2025-07-01
18324,San Francisco County,County,2025,August,08/2025,N,Final,506600,483900,22700,4.5,2025,2025-08-01
18325,San Francisco County,County,2025,September,09/2025,N,Final,510000,488200,21700,4.3,2025,2025-09-01
18326,San Francisco County,County,2025,November,11/2025,N,Final,506900,486000,21000,4.1,2025,2025-11-01
18327,San Francisco County,County,2025,December,12/2025,N,Final,505900,486500,19400,3.8,2025,2025-12-01
18328,San Francisco County,County,2026,January,01/2026,N,Final,498700,478500,20300,4.1,2025,2026-01-01
18329,San Francisco County,County,2026,February,02/2026,N,Final,504200,484200,19900,4.0,2025,2026-02-01
18330,San Francisco County,County,2026,March,03/2026,N,Final,502100,483400,18700,3.7,2025,2026-03-01
18331,San Francisco County,County,2026,April,04/2026,N,Final,498100,480400,17700,3.6,2025,2026-04-01
18332,San Francisco County,County,2026,May,05/2026,N,Final,494600,477900,16700,3.4,2025,2026-05-01
18333,San Francisco County,County,2026,June,06/2026,N,Final,496100,477300,18800,3.8,2025,2026-06-01
18334,San Francisco County,County,2026,July,07/2026,N,Final,499200,479400,19800,4.0,2025,2026-07-01
18335,San Francisco County,County,2026,August,08/2026,N,Preliminary,499100,478100,21000,4.2,2025,2026-08-01
19575,San Mateo County,County,2020,February,02/2020,N,Final,435100,425400,9600,2.2,2025,2020-02-01
19576,San Mateo County,County,2020,March,03/2020,N,Final,427000,412700,14300,3.3,2025,2020-03-01
19577,San Mateo County,County,2020,April,04/2020,N,Final,407800,356700,51200,12.5,2025,2020-04-01
19578,San Mateo County,County,2020,May,05/2020,N,Final,400400,351900,48500,12.1,2025,2020-05-01
19579,San Mateo County,County,2020,June,06/2020,N,Final,409200,364500,44800,10.9,2025,2020-06-01
19580,San Mateo County,County,2020,July,07/2020,N,Final,408400,367900,40500,9.9,2025,2020-07-01
19581,San Mateo County,County,2020,August,08/2020,N,Final,404500,370900,33600,8.3,2025,2020-08-01
19582,San Mateo County,County,2020,September,09/2020,N,Final,402400,370400,32000,8.0,2025,2020-09-01
19583,San Mateo County,County,2020,October,10/2020,N,Final,398500,371000,27500,6.9,2025,2020-10-01
19584,San Mateo County,County,2020,November,11/2020,N,Final,395500,369500,26000,6.6,2025,2020-11-01
19585,San Mateo County,County,2020,December,12/2020,N,Final,396200,371100,25100,6.3,2025,2020-12-01
19586,San Mateo County,County,2021,January,01/2021,N,Final,401600,376600,25000,6.2,2025,2021-01-01
19587,San Mateo County,County,2021,February,02/2021,N,Final,403600,379800,23900,5.9,2025,2021-02-01
19588,San Mateo County,County,2021,March,03/2021,N,Final,405200,382400,22800,5.6,2025,2021-03-01
19589,San Mateo County,County,2021,April,04/2021,N,Final,402600,380200,22500,5.6,2025,2021-04-01
19590,San Mateo County,County,2021,May,05/2021,N,Final,404800,384300,20500,5.1,2025,2021-05-01
19591,San Mateo County,County,2021,June,06/2021,N,Final,408600,385600,23000,5.6,2025,2021-06-01
19592,San Mateo County,County,2021,July,07/2021,N,Final,415300,393900,21400,5.2,2025,2021-07-01
19593,San Mateo County,County,2021,August,08/2021,N,Final,416300,396000,20300,4.9,2025,2021-08-01
19594,San Mateo County,County,2021,September,09/2021,N,Final,417700,400600,17100,4.1,2025,2021-09-01
19595,San Mateo County,County,2021,October,10/2021,N,Final,419700,403500,16200,3.9,2025,2021-10-01
19596,San Mateo County,County,2021,November,11/2021,N,Final,421200,406700,14400,3.4,2025,2021-11-01
19597,San Mateo County,County,2021,December,12/2021,N,Final,423600,410500,13100,3.1,2025,2021-12-01
19598,San Mateo County,County,2022,January,01/2022,N,Final,421900,407400,14500,3.4,2025,2022-01-01
19599,San Mateo County,County,2022,February,02/2022,N,Final,424100,411100,13000,3.1,2025,2022-02-01
19600,San Mateo County,County,2022,March,03/2022,N,Final,426500,414900,11600,2.7,2025,2022-03-01
19601,San Mateo County,County,2022,April,04/2022,N,Final,422100,412100,10000,2.4,2025,2022-04-01
19602,San Mateo County,County,2022,May,05/2022,N,Final,425300,416300,9000,2.1,2025,2022-05-01
19603,San Mateo County,County,2022,June,06/2022,N,Final,427400,416400,11000,2.6,2025,2022-06-01
19604,San Mateo County,County,2022,July,07/2022,N,Final,429600,418900,10700,2.5,2025,2022-07-01
19605,San Mateo County,County,2022,August,08/2022,N,Final,428800,417600,11200,2.6,2025,2022-08-01
19606,San Mateo County,County,2022,September,09/2022,N,Final,428400,418400,9900,2.3,2025,2022-09-01
19607,San Mateo County,County,2022,October,10/2022,N,Final,427300,416900,10400,2.4,2025,2022-10-01
19608,San Mateo County,County,2022,November,11/2022,N,Final,428100,417500,10600,2.5,2025,2022-11-01
19609,San Mateo County,County,2022,December,12/2022,N,Final,427200,417400,9800,2.3,2025,2022-12-01
19610,San Mateo County,County,2023,January,01/2023,N,Final,425700,413800,11900,2.8,2025,2023-01-01
19611,San Mateo County,County,2023,February,02/2023,N,Final,427500,415100,12400,2.9,2025,2023-02-01
19612,San Mateo County,County,2023,March,03/2023,N,Final,429300,417200,12100,2.8,2025,2023-03-01
19613,San Mateo County,County,2023,April,04/2023,N,Final,423200,412300,10900,2.6,2025,2023-04-01
19614,San Mateo County,County,2023,May,05/2023,N,Final,422200,410700,11500,2.7,2025,2023-05-01
19615,San Mateo County,County,2023,June,06/2023,N,Final,421100,407600,13500,3.2,2025,2023-06-01
19616,San Mateo County,County,2023,July,07/2023,N,Final,424300,410600,13800,3.2,2025,2023-07-01
19617,San Mateo County,County,2023,August,08/2023,N,Final,422600,407500,15200,3.6,2025,2023-08-01
19618,San Mateo County,County,2023,September,09/2023,N,Final,422400,408000,14400,3.4,2025,2023-09-01
19619,San Mateo County,County,2023,October,10/2023,N,Final,420600,406000,14600,3.5,2025,2023-10-01
19620,San Mateo County,County,2023,November,11/2023,N,Final,421400,407100,14300,3.4,2025,2023-11-01
19621,San Mateo County,County,2023,December,12/2023,N,Final,418600,404600,13900,3.3,2025,2023-12-01
19622,San Mateo County,County,2024,January,01/2024,N,Final,417200,401900,15300,3.7,2025,2024-01-01
19623,San Mateo County,County,2024,February,02/2024,N,Final,419200,403900,15300,3.6,2025,2024-02-01
19624,San Mateo County,County,2024,March,03/2024,N,Final,420700,406000,14700,3.5,2025,2024-03-01
19625,San Mateo County,County,2024,April,04/2024,N,Final,414200,400600,13600,3.3,2025,2024-04-01
19626,San Mateo County,County,2024,May,05/2024,N,Final,413600,400700,12900,3.1,2025,2024-05-01
19627,San Mateo County,County,2024,June,06/2024,N,Final,414700,399000,15700,3.8,2025,2024-06-01
19628,San Mateo County,County,2024,July,07/2024,N,Final,419100,402000,17100,4.1,2025,2024-07-01
19629,San Mateo County,County,2024,August,08/2024,N,Final,416300,399000,17300,4.2,2025,2024-08-01
19630,San Mateo County,County,2024,September,09/2024,N,Final,417200,401900,15300,3.7,2025,2024-09-01
19631,San Mateo County,County,2024,October,10/2024,N,Final,413300,397700,15700,3.8,2025,2024-10-01
19632,San Mateo County,County,2024,November,11/2024,N,Final,412900,397200,15700,3.8,2025,2024-11-01
19633,San Mateo County,County,2024,December,12/2024,N,Final,412700,398100,14600,3.5,2025,2024-12-01
19634,San Mateo County,County,2025,January,01/2025,N,Final,413500,397400,16100,3.9,2025,2025-01-01
19635,San Mateo County,County,2025,February,02/2025,N,Final,415500,399600,16000,3.8,2025,2025-02-01
19636,San Mateo County,County,2025,March,03/2025,N,Final,417000,401400,15600,3.7,2025,2025-03-01
19637,San Mateo County,County,2025,April,04/2025,N,Final,411100,396200,14900,3.6,2025,2025-04-01
19638,San Mateo County,County,2025,May,05/2025,N,Final,410200,395700,14500,3.5,2025,2025-05-01
19639,San Mateo County,County,2025,June,06/2025,N,Final,412200,395500,16700,4.1,2025,2025-06-01
19640,San Mateo County,County,2025,July,07/2025,N,Final,416700,399200,17600,4.2,2025,2025-07-01
19641,San Mateo County,County,2025,August,08/2025,N,Final,414400,396700,17700,4.3,2025,2025-08-01
19642,San Mateo County,County,2025,September,09/2025,N,Final,417500,400400,17100,4.1,2025,2025-09-01
19643,San Mateo County,County,2025,November,11/2025,N,Final,414800,398500,16400,3.9,2025,2025-11-01
19644,San Mateo County,County,2025,December,12/2025,N,Final,413800,398900,14900,3.6,2025,2025-12-01
19645,San Mateo County,County,2026,January,01/2026,N,Final,407900,392300,15500,3.8,2025,2026-01-01
19646,San Mateo County,County,2026,February,02/2026,N,Final,412400,397100,15300,3.7,2025,2026-02-01
19647,San Mateo County,County,2026,March,03/2026,N,Final,410800,396400,14300,3.5,2025,2026-03-01
19648,San Mateo County,County,2026,April,04/2026,N,Final,407600,393900,13700,3.4,2025,2026-04-01
19649,San Mateo County,County,2026,May,05/2026,N,Final,404700,391900,12800,3.2,2025,2026-05-01
19650,San Mateo County,County,2026,June,06/2026,N,Final,406300,391400,14900,3.7,2025,2026-06-01
19651,San Mateo County,County,2026,July,07/2026,N,Final,408700,393100,15600,3.8,2025,2026-07-01
19652,San Mateo County,County,2026,August,08/2026,N,Preliminary,408400,392100,16300,4.0,2025,2026-08-01
20453,Santa Clara County,County,2020,February,02/2020,N,Final,1039200,1012200,26900,2.6,2025,2020-02-01
20454,Santa Clara County,County,2020,March,03/2020,N,Final,1021600,982200,39300,3.9,2025,2020-03-01
20455,Santa Clara County,County,2020,April,04/2020,N,Final,993400,868500,124800,12.6,2025,2020-04-01
20456,Santa Clara County,County,2020,May,05/2020,N,Final,980500,865400,115100,11.7,2025,2020-05-01
20457,Santa Clara County,County,2020,June,06/2020,N,Final,1003700,899400,104300,10.4,2025,2020-06-01
20458,Santa Clara County,County,2020,July,07/2020,N,Final,1004200,908600,95500,9.5,2025,2020-07-01
20459,Santa Clara County,County,2020,August,08/2020,N,Final,996900,918500,78400,7.9,2025,2020-08-01
20460,Santa Clara County,County,2020,September,09/2020,N,Final,991600,917500,74100,7.5,2025,2020-09-01
20461,Santa Clara County,County,2020,October,10/2020,N,Final,985000,920700,64300,6.5,2025,2020-10-01
20462,Santa Clara County,County,2020,November,11/2020,N,Final,980100,918600,61500,6.3,2025,2020-11-01
20463,Santa Clara County,County,2020,December,12/2020,N,Final,980400,919500,60900,6.2,2025,2020-12-01
20464,Santa Clara County,County,2021,January,01/2021,N,Final,978100,917800,60300,6.2,2025,2021-01-01
20465,Santa Clara County,County,2021,February,02/2021,N,Final,983400,924800,58500,6.0,2025,2021-02-01
20466,Santa Clara County,County,2021,March,03/2021,N,Final,984500,928600,55900,5.7,2025,2021-03-01
20467,Santa Clara County,County,2021,April,04/2021,N,Final,977300,922900,54400,5.6,2025,2021-04-01
20468,Santa Clara County,County,2021,May,05/2021,N,Final,980100,930600,49500,5.1,2025,2021-05-01
20469,Santa Clara County,County,2021,June,06/2021,N,Final,986100,930100,56000,5.7,2025,2021-06-01
20470,Santa Clara County,County,2021,July,07/2021,N,Final,995600,943100,52400,5.3,2025,2021-07-01
20471,Santa Clara County,County,2021,August,08/2021,N,Final,995300,945300,50000,5.0,2025,2021-08-01
20472,Santa Clara County,County,2021,September,09/2021,N,Final,995000,953200,41800,4.2,2025,2021-09-01
20473,Santa Clara County,County,2021,October,10/2021,N,Final,993600,953600,40000,4.0,2025,2021-10-01
20474,Santa Clara County,County,2021,November,11/2021,N,Final,997800,962000,35800,3.6,2025,2021-11-01
20475,Santa Clara County,County,2021,December,12/2021,N,Final,998400,966000,32400,3.2,2025,2021-12-01
20476,Santa Clara County,County,2022,January,01/2022,N,Final,999600,963300,36400,3.6,2025,2022-01-01
20477,Santa Clara County,County,2022,February,02/2022,N,Final,1003700,970900,32800,3.3,2025,2022-02-01
20478,Santa Clara County,County,2022,March,03/2022,N,Final,1008700,979300,29400,2.9,2025,2022-03-01
20479,Santa Clara County,County,2022,April,04/2022,N,Final,999400,973800,25600,2.6,2025,2022-04-01
20480,Santa Clara County,County,2022,May,05/2022,N,Final,1005400,982300,23100,2.3,2025,2022-05-01
20481,Santa Clara County,County,2022,June,06/2022,N,Final,1007500,979000,28500,2.8,2025,2022-06-01
20482,Santa Clara County,County,2022,July,07/2022,N,Final,1014900,987200,27700,2.7,2025,2022-07-01
20483,Santa Clara County,County,2022,August,08/2022,N,Final,1016800,988200,28600,2.8,2025,2022-08-01
20484,Santa Clara County,County,2022,September,09/2022,N,Final,1016300,990700,25500,2.5,2025,2022-09-01
20485,Santa Clara County,County,2022,October,10/2022,N,Final,1019400,992600,26900,2.6,2025,2022-10-01
20486,Santa Clara County,County,2022,November,11/2022,N,Final,1018800,991300,27500,2.7,2025,2022-11-01
20487,Santa Clara County,County,2022,December,12/2022,N,Final,1016900,991700,25200,2.5,2025,2022-12-01
20488,Santa Clara County,County,2023,January,01/2023,N,Final,1019000,987900,31100,3.1,2025,2023-01-01
20489,Santa Clara County,County,2023,February,02/2023,N,Final,1025900,993200,32700,3.2,2025,2023-02-01
20490,Santa Clara County,County,2023,March,03/2023,N,Final,1030300,997700,32600,3.2,2025,2023-03-01
20491,Santa Clara County,County,2023,April,04/2023,N,Final,1017500,987600,29900,2.9,2025,2023-04-01
20492,Santa Clara County,County,2023,May,05/2023,N,Final,1016800,985100,31700,3.1,2025,2023-05-01
20493,Santa Clara County,County,2023,June,06/2023,N,Final,1015800,978300,37600,3.7,2025,2023-06-01
20494,Santa Clara County,County,2023,July,07/2023,N,Final,1028000,989800,38100,3.7,2025,2023-07-01
20495,Santa Clara County,County,2023,August,08/2023,N,Final,1029400,987600,41800,4.1,2025,2023-08-01
20496,Santa Clara County,County,2023,September,09/2023,N,Final,1027500,987800,39700,3.9,2025,2023-09-01
20497,Santa Clara County,County,2023,October,10/2023,N,Final,1026300,985500,40800,4.0,2025,2023-10-01
20498,Santa Clara County,County,2023,November,11/2023,N,Final,1025200,985300,39800,3.9,2025,2023-11-01
20499,Santa Clara County,County,2023,December,12/2023,N,Final,1018500,979400,39100,3.8,2025,2023-12-01
20500,Santa Clara County,County,2024,January,01/2024,N,Final,1022200,979400,42800,4.2,2025,2024-01-01
20501,Santa Clara County,County,2024,February,02/2024,N,Final,1025800,982800,43000,4.2,2025,2024-02-01
20502,Santa Clara County,County,2024,March,03/2024,N,Final,1027700,986300,41400,4.0,2025,2024-03-01
20503,Santa Clara County,County,2024,April,04/2024,N,Final,1015000,976900,38100,3.8,2025,2024-04-01
20504,Santa Clara County,County,2024,May,05/2024,N,Final,1014500,978100,36400,3.6,2025,2024-05-01
20505,Santa Clara County,County,2024,June,06/2024,N,Final,1020900,976600,44300,4.3,2025,2024-06-01
20506,Santa Clara County,County,2024,July,07/2024,N,Final,1034800,987200,47600,4.6,2025,2024-07-01
20507,Santa Clara County,County,2024,August,08/2024,N,Final,1032400,984900,47500,4.6,2025,2024-08-01
20508,Santa Clara County,County,2024,September,09/2024,N,Final,1029400,987000,42400,4.1,2025,2024-09-01
20509,Santa Clara County,County,2024,October,10/2024,N,Final,1027000,983800,43200,4.2,2025,2024-10-01
20510,Santa Clara County,County,2024,November,11/2024,N,Final,1026300,983200,43000,4.2,2025,2024-11-01
20511,Santa Clara County,County,2024,December,12/2024,N,Final,1025800,985800,40000,3.9,2025,2024-12-01
20512,Santa Clara County,County,2025,January,01/2025,N,Final,1028300,984300,43900,4.3,2025,2025-01-01
20513,Santa Clara County,County,2025,February,02/2025,N,Final,1033800,990000,43800,4.2,2025,2025-02-01
20514,Santa Clara County,County,2025,March,03/2025,N,Final,1037700,995000,42700,4.1,2025,2025-03-01
20515,Santa Clara County,County,2025,April,04/2025,N,Final,1029000,988400,40600,3.9,2025,2025-04-01
20516,Santa Clara County,County,2025,May,05/2025,N,Final,1026300,986600,39700,3.9,2025,2025-05-01
20517,Santa Clara County,County,2025,June,06/2025,N,Final,1032200,986300,45900,4.4,2025,2025-06-01
20518,Santa Clara County,County,2025,July,07/2025,N,Final,1046100,998200,48000,4.6,2025,2025-07-01
20519,Santa Clara County,County,2025,August,08/2025,N,Final,1044800,996600,48300,4.6,2025,2025-08-01
20520,Santa Clara County,County,2025,September,09/2025,N,Final,1048500,1001900,46700,4.5,2025,2025-09-01
20521,Santa Clara County,County,2025,November,11/2025,N,Final,1041500,996900,44600,4.3,2025,2025-11-01
20522,Santa Clara County,County,2025,December,12/2025,N,Final,1040300,999500,40700,3.9,2025,2025-12-01
20523,Santa Clara County,County,2026,January,01/2026,N,Final,1025200,982500,42700,4.2,2025,2026-01-01
20524,Santa Clara County,County,2026,February,02/2026,N,Final,1034100,992200,42000,4.1,2025,2026-02-01
20525,Santa Clara County,County,2026,March,03/2026,N,Final,1032900,993600,39400,3.8,2025,2026-03-01
20526,Santa Clara County,County,2026,April,04/2026,N,Final,1024800,987100,37700,3.7,2025,2026-04-01
20527,Santa Clara County,County,2026,May,05/2026,N,Final,1021700,986600,35100,3.4,2025,2026-05-01
20528,Santa Clara County,County,2026,June,06/2026,N,Final,1020500,979900,40600,4.0,2025,2026-06-01
20529,Santa Clara County,County,2026,July,07/2026,N,Final,1029600,987400,42100,4.1,2025,2026-07-01
20530,Santa Clara County,County,2026,August,08/2026,N,Preliminary,1034300,990300,44000,4.3,2025,2026-08-01
22648,Solano County,County,2020,February,02/2020,N,Final,216600,208400,8200,3.8,2025,2020-02-01
22649,Solano County,County,2020,March,03/2020,N,Final,214900,203000,11900,5.6,2025,2020-03-01
22650,Solano County,County,2020,April,04/2020,N,Final,208700,176500,32200,15.4,2025,2020-04-01
22651,Solano County,County,2020,May,05/2020,N,Final,204800,175500,29300,14.3,2025,2020-05-01
22652,Solano County,County,2020,June,06/2020,N,Final,210900,184800,26100,12.4,2025,2020-06-01
22653,Solano County,County,2020,July,07/2020,N,Final,211400,186700,24800,11.7,2025,2020-07-01
22654,Solano County,County,2020,August,08/2020,N,Final,209000,188000,21000,10.1,2025,2020-08-01
22655,Solano County,County,2020,September,09/2020,N,Final,208100,187900,20200,9.7,2025,2020-09-01
22656,Solano County,County,2020,October,10/2020,N,Final,207200,189200,18100,8.7,2025,2020-10-01
22657,Solano County,County,2020,November,11/2020,N,Final,206300,188600,17700,8.6,2025,2020-11-01
22658,Solano County,County,2020,December,12/2020,N,Final,206500,188500,18000,8.7,2025,2020-12-01
22659,Solano County,County,2021,January,01/2021,N,Final,206900,188500,18400,8.9,2025,2021-01-01
22660,Solano County,County,2021,February,02/2021,N,Final,207000,189100,17900,8.7,2025,2021-02-01
22661,Solano County,County,2021,March,03/2021,N,Final,207800,190600,17100,8.2,2025,2021-03-01
22662,Solano County,County,2021,April,04/2021,N,Final,207200,190600,16600,8.0,2025,2021-04-01
22663,Solano County,County,2021,May,05/2021,N,Final,207400,192200,15200,7.3,2025,2021-05-01
22664,Solano County,County,2021,June,06/2021,N,Final,209400,192400,16900,8.1,2025,2021-06-01
22665,Solano County,County,2021,July,07/2021,N,Final,210100,194200,15900,7.6,2025,2021-07-01
22666,Solano County,County,2021,August,08/2021,N,Final,209800,194800,15000,7.2,2025,2021-08-01
22667,Solano County,County,2021,September,09/2021,N,Final,209700,196800,12900,6.2,2025,2021-09-01
22668,Solano County,County,2021,October,10/2021,N,Final,210100,197800,12300,5.9,2025,2021-10-01
22669,Solano County,County,2021,November,11/2021,N,Final,210300,199100,11300,5.3,2025,2021-11-01
22670,Solano County,County,2021,December,12/2021,N,Final,209400,198900,10500,5.0,2025,2021-12-01
22671,Solano County,County,2022,January,01/2022,N,Final,209500,197700,11800,5.6,2025,2022-01-01
22672,Solano County,County,2022,February,02/2022,N,Final,210300,199800,10500,5.0,2025,2022-02-01
22673,Solano County,County,2022,March,03/2022,N,Final,211400,202100,9300,4.4,2025,2022-03-01
22674,Solano County,County,2022,April,04/2022,N,Final,208700,200600,8100,3.9,2025,2022-04-01
22675,Solano County,County,2022,May,05/2022,N,Final,210100,202900,7200,3.4,2025,2022-05-01
22676,Solano County,County,2022,June,06/2022,N,Final,210200,201900,8400,4.0,2025,2022-06-01
22677,Solano County,County,2022,July,07/2022,N,Final,211200,203000,8200,3.9,2025,2022-07-01
22678,Solano County,County,2022,August,08/2022,N,Final,211100,202600,8500,4.0,2025,2022-08-01
22679,Solano County,County,2022,September,09/2022,N,Final,211100,203500,7600,3.6,2025,2022-09-01
22680,Solano County,County,2022,October,10/2022,N,Final,209900,201800,8100,3.8,2025,2022-10-01
22681,Solano County,County,2022,November,11/2022,N,Final,209200,200800,8400,4.0,2025,2022-11-01
22682,Solano County,County,2022,December,12/2022,N,Final,209700,201700,8000,3.8,2025,2022-12-01
22683,Solano County,County,2023,January,01/2023,N,Final,209700,200100,9600,4.6,2025,2023-01-01
22684,Solano County,County,2023,February,02/2023,N,Final,212800,203200,9600,4.5,2025,2023-02-01
22685,Solano County,County,2023,March,03/2023,N,Final,213000,203500,9500,4.5,2025,2023-03-01
22686,Solano County,County,2023,April,04/2023,N,Final,211000,202900,8200,3.9,2025,2023-04-01
22687,Solano County,County,2023,May,05/2023,N,Final,212000,203900,8100,3.8,2025,2023-05-01
22688,Solano County,County,2023,June,06/2023,N,Final,212800,203600,9200,4.3,2025,2023-06-01
22689,Solano County,County,2023,July,07/2023,N,Final,215100,205700,9400,4.4,2025,2023-07-01
22690,Solano County,County,2023,August,08/2023,N,Final,216300,206300,10000,4.6,2025,2023-08-01
22691,Solano County,County,2023,September,09/2023,N,Final,217600,208200,9400,4.3,2025,2023-09-01
22692,Solano County,County,2023,October,10/2023,N,Final,217500,207800,9700,4.5,2025,2023-10-01
22693,Solano County,County,2023,November,11/2023,N,Final,217800,208100,9700,4.4,2025,2023-11-01
22694,Solano County,County,2023,December,12/2023,N,Final,217200,207300,9900,4.6,2025,2023-12-01
22695,Solano County,County,2024,January,01/2024,N,Final,215700,204700,11000,5.1,2025,2024-01-01
22696,Solano County,County,2024,February,02/2024,N,Final,217000,205900,11100,5.1,2025,2024-02-01
22697,Solano County,County,2024,March,03/2024,N,Final,218500,207900,10600,4.9,2025,2024-03-01
22698,Solano County,County,2024,April,04/2024,N,Final,216500,206800,9700,4.5,2025,2024-04-01
22699,Solano County,County,2024,May,05/2024,N,Final,216400,207100,9200,4.3,2025,2024-05-01
22700,Solano County,County,2024,June,06/2024,N,Final,217300,206300,11000,5.0,2025,2024-06-01
22701,Solano County,County,2024,July,07/2024,N,Final,218400,206600,11800,5.4,2025,2024-07-01
22702,Solano County,County,2024,August,08/2024,N,Final,218800,206900,11800,5.4,2025,2024-08-01
22703,Solano County,County,2024,September,09/2024,N,Final,219400,208800,10600,4.8,2025,2024-09-01
22704,Solano County,County,2024,October,10/2024,N,Final,219800,209000,10800,4.9,2025,2024-10-01
22705,Solano County,County,2024,November,11/2024,N,Final,219200,208100,11100,5.1,2025,2024-11-01
22706,Solano County,County,2024,December,12/2024,N,Final,218500,207800,10700,4.9,2025,2024-12-01
22707,Solano County,County,2025,January,01/2025,N,Final,220200,208400,11800,5.3,2025,2025-01-01
22708,Solano County,County,2025,February,02/2025,N,Final,221000,209400,11600,5.3,2025,2025-02-01
22709,Solano County,County,2025,March,03/2025,N,Final,222200,210700,11500,5.2,2025,2025-03-01
22710,Solano County,County,2025,April,04/2025,N,Final,219800,209000,10800,4.9,2025,2025-04-01
22711,Solano County,County,2025,May,05/2025,N,Final,219600,209100,10500,4.8,2025,2025-05-01
22712,Solano County,County,2025,June,06/2025,N,Final,220300,208500,11800,5.4,2025,2025-06-01
22713,Solano County,County,2025,July,07/2025,N,Final,220200,207800,12400,5.6,2025,2025-07-01
22714,Solano County,County,2025,August,08/2025,N,Final,221400,208700,12700,5.7,2025,2025-08-01
22715,Solano County,County,2025,September,09/2025,N,Final,222600,210400,12200,5.5,2025,2025-09-01
22716,Solano County,County,2025,November,11/2025,N,Final,221300,209400,11900,5.4,2025,2025-11-01
22717,Solano County,County,2025,December,12/2025,N,Final,220200,209000,11200,5.1,2025,2025-12-01
22718,Solano County,County,2026,January,01/2026,N,Final,218100,206100,12000,5.5,2025,2026-01-01
22719,Solano County,County,2026,February,02/2026,N,Final,219400,207600,11800,5.4,2025,2026-02-01
22720,Solano County,County,2026,March,03/2026,N,Final,219100,208000,11100,5.1,2025,2026-03-01
22721,Solano County,County,2026,April,04/2026,N,Final,217700,207400,10400,4.8,2025,2026-04-01
22722,Solano County,County,2026,May,05/2026,N,Final,215500,205900,9600,4.5,2025,2026-05-01
22723,Solano County,County,2026,June,06/2026,N,Final,215100,204300,10800,5.0,2025,2026-06-01
22724,Solano County,County,2026,July,07/2026,N,Final,214900,203600,11300,5.3,2025,2026-07-01
22725,Solano County,County,2026,August,08/2026,N,Preliminary,216600,204700,11800,5.5,2025,2026-08-01
23087,Sonoma County,County,2020,February,02/2020,N,Final,255800,248500,7200,2.8,2025,2020-02-01
23088,Sonoma County,County,2020,March,03/2020,N,Final,252200,241600,10600,4.2,2025,2020-03-01
23089,Sonoma County,County,2020,April,04/2020,N,Final,240400,202600,37800,15.7,2025,2020-04-01
23090,Sonoma County,County,2020,May,05/2020,N,Final,236600,203900,32700,13.8,2025,2020-05-01
23091,Sonoma County,County,2020,June,06/2020,N,Final,244500,216600,27900,11.4,2025,2020-06-01
23092,Sonoma County,County,2020,July,07/2020,N,Final,243800,219000,24800,10.2,2025,2020-07-01
23093,Sonoma County,County,2020,August,08/2020,N,Final,242300,222200,20200,8.3,2025,2020-08-01
23094,Sonoma County,County,2020,September,09/2020,N,Final,241900,223000,18900,7.8,2025,2020-09-01
23095,Sonoma County,County,2020,October,10/2020,N,Final,238500,222000,16500,6.9,2025,2020-10-01
23096,Sonoma County,County,2020,November,11/2020,N,Final,236000,220000,16000,6.8,2025,2020-11-01
23097,Sonoma County,County,2020,December,12/2020,N,Final,236400,220400,16000,6.8,2025,2020-12-01
23098,Sonoma County,County,2021,January,01/2021,N,Final,235800,218000,17800,7.5,2025,2021-01-01
23099,Sonoma County,County,2021,February,02/2021,N,Final,238400,221800,16600,7.0,2025,2021-02-01
23100,Sonoma County,County,2021,March,03/2021,N,Final,240000,224300,15700,6.5,2025,2021-03-01
23101,Sonoma County,County,2021,April,04/2021,N,Final,238800,223900,14900,6.2,2025,2021-04-01
23102,Sonoma County,County,2021,May,05/2021,N,Final,240200,226800,13400,5.6,2025,2021-05-01
23103,Sonoma County,County,2021,June,06/2021,N,Final,241200,226100,15100,6.3,2025,2021-06-01
23104,Sonoma County,County,2021,July,07/2021,N,Final,243900,229800,14100,5.8,2025,2021-07-01
23105,Sonoma County,County,2021,August,08/2021,N,Final,244500,231100,13400,5.5,2025,2021-08-01
23106,Sonoma County,County,2021,September,09/2021,N,Final,246000,234700,11300,4.6,2025,2021-09-01
23107,Sonoma County,County,2021,October,10/2021,N,Final,243900,233100,10800,4.4,2025,2021-10-01
23108,Sonoma County,County,2021,November,11/2021,N,Final,242800,232900,9800,4.1,2025,2021-11-01
23109,Sonoma County,County,2021,December,12/2021,N,Final,242300,233200,9100,3.8,2025,2021-12-01
23110,Sonoma County,County,2022,January,01/2022,N,Final,241800,231300,10500,4.3,2025,2022-01-01
23111,Sonoma County,County,2022,February,02/2022,N,Final,243700,234500,9200,3.8,2025,2022-02-01
23112,Sonoma County,County,2022,March,03/2022,N,Final,245700,237400,8300,3.4,2025,2022-03-01
23113,Sonoma County,County,2022,April,04/2022,N,Final,243500,236300,7200,3.0,2025,2022-04-01
23114,Sonoma County,County,2022,May,05/2022,N,Final,245100,238600,6500,2.6,2025,2022-05-01
23115,Sonoma County,County,2022,June,06/2022,N,Final,245900,238100,7800,3.2,2025,2022-06-01
23116,Sonoma County,County,2022,July,07/2022,N,Final,245500,237900,7600,3.1,2025,2022-07-01
23117,Sonoma County,County,2022,August,08/2022,N,Final,246900,239100,7900,3.2,2025,2022-08-01
23118,Sonoma County,County,2022,September,09/2022,N,Final,247300,240300,7000,2.8,2025,2022-09-01
23119,Sonoma County,County,2022,October,10/2022,N,Final,246700,239300,7400,3.0,2025,2022-10-01
23120,Sonoma County,County,2022,November,11/2022,N,Final,244100,236400,7700,3.1,2025,2022-11-01
23121,Sonoma County,County,2022,December,12/2022,N,Final,243700,236400,7200,3.0,2025,2022-12-01
23122,Sonoma County,County,2023,January,01/2023,N,Final,242100,233100,8900,3.7,2025,2023-01-01
23123,Sonoma County,County,2023,February,02/2023,N,Final,246300,237400,8900,3.6,2025,2023-02-01
23124,Sonoma County,County,2023,March,03/2023,N,Final,247300,238500,8700,3.5,2025,2023-03-01
23125,Sonoma County,County,2023,April,04/2023,N,Final,244700,237100,7600,3.1,2025,2023-04-01
23126,Sonoma County,County,2023,May,05/2023,N,Final,247000,239200,7800,3.1,2025,2023-05-01
23127,Sonoma County,County,2023,June,06/2023,N,Final,247100,238100,9000,3.6,2025,2023-06-01
23128,Sonoma County,County,2023,July,07/2023,N,Final,248700,239500,9200,3.7,2025,2023-07-01
23129,Sonoma County,County,2023,August,08/2023,N,Final,249200,239600,9600,3.9,2025,2023-08-01
23130,Sonoma County,County,2023,September,09/2023,N,Final,250300,241200,9100,3.6,2025,2023-09-01
23131,Sonoma County,County,2023,October,10/2023,N,Final,248600,239300,9300,3.7,2025,2023-10-01
23132,Sonoma County,County,2023,November,11/2023,N,Final,247300,238200,9100,3.7,2025,2023-11-01
23133,Sonoma County,County,2023,December,12/2023,N,Final,244600,235500,9200,3.7,2025,2023-12-01
23134,Sonoma County,County,2024,January,01/2024,N,Final,244600,234000,10600,4.4,2025,2024-01-01
23135,Sonoma County,County,2024,February,02/2024,N,Final,247500,236900,10500,4.3,2025,2024-02-01
23136,Sonoma County,County,2024,March,03/2024,N,Final,248300,238300,10100,4.1,2025,2024-03-01
23137,Sonoma County,County,2024,April,04/2024,N,Final,245200,236100,9100,3.7,2025,2024-04-01
23138,Sonoma County,County,2024,May,05/2024,N,Final,246100,237600,8500,3.4,2025,2024-05-01
23139,Sonoma County,County,2024,June,06/2024,N,Final,247700,237300,10400,4.2,2025,2024-06-01
23140,Sonoma County,County,2024,July,07/2024,N,Final,248400,237200,11200,4.5,2025,2024-07-01
23141,Sonoma County,County,2024,August,08/2024,N,Final,249400,238200,11200,4.5,2025,2024-08-01
23142,Sonoma County,County,2024,September,09/2024,N,Final,249700,239800,9900,4.0,2025,2024-09-01
23143,Sonoma County,County,2024,October,10/2024,N,Final,248400,238200,10200,4.1,2025,2024-10-01
23144,Sonoma County,County,2024,November,11/2024,N,Final,246300,235900,10300,4.2,2025,2024-11-01
23145,Sonoma County,County,2024,December,12/2024,N,Final,246500,236600,9900,4.0,2025,2024-12-01
23146,Sonoma County,County,2025,January,01/2025,N,Final,245800,234600,11200,4.6,2025,2025-01-01
23147,Sonoma County,County,2025,February,02/2025,N,Final,247700,236600,11100,4.5,2025,2025-02-01
23148,Sonoma County,County,2025,March,03/2025,N,Final,249100,238200,10900,4.4,2025,2025-03-01
23149,Sonoma County,County,2025,April,04/2025,N,Final,247700,237500,10200,4.1,2025,2025-04-01
23150,Sonoma County,County,2025,May,05/2025,N,Final,248900,239200,9700,3.9,2025,2025-05-01
23151,Sonoma County,County,2025,June,06/2025,N,Final,249600,238400,11200,4.5,2025,2025-06-01
23152,Sonoma County,County,2025,July,07/2025,N,Final,249600,237700,11900,4.7,2025,2025-07-01
23153,Sonoma County,County,2025,August,08/2025,N,Final,250500,238600,11900,4.8,2025,2025-08-01
23154,Sonoma County,County,2025,September,09/2025,N,Final,251500,240000,11500,4.6,2025,2025-09-01
23155,Sonoma County,County,2025,November,11/2025,N,Final,248300,237100,11200,4.5,2025,2025-11-01
23156,Sonoma County,County,2025,December,12/2025,N,Final,246900,236500,10500,4.2,2025,2025-12-01
23157,Sonoma County,County,2026,January,01/2026,N,Final,244000,232900,11100,4.6,2025,2026-01-01
23158,Sonoma County,County,2026,February,02/2026,N,Final,247400,236400,11000,4.4,2025,2026-02-01
23159,Sonoma County,County,2026,March,03/2026,N,Final,246400,236000,10400,4.2,2025,2026-03-01
23160,Sonoma County,County,2026,April,04/2026,N,Final,244900,235100,9800,4.0,2025,2026-04-01
23161,Sonoma County,County,2026,May,05/2026,N,Final,244700,235700,9000,3.7,2025,2026-05-01
23162,Sonoma County,County,2026,June,06/2026,N,Final,244400,234100,10300,4.2,2025,2026-06-01
23163,Sonoma County,County,2026,July,07/2026,N,Final,244000,233400,10600,4.3,2025,2026-07-01
23164,Sonoma County,County,2026,August,08/2026,N,Preliminary,246000,235000,11000,4.5,2025,2026-08-01
